,rmse,mape,r2
ARIMA,4.550872332682234,0.8785245923074088,0.0
Random Walk,122.60385921393848,4608362759635090.0,-0.5013522091835563
Prophet,5.1605852960603515,0.971158176992742,0.0
