,attribute,rmse,mape,r2
Random Walk,temp,2.4480415251207384,0.04632561618600497,-0.11251862952535086
