,attribute,rmse,mape,r2
Random Walk,prep_tot,122.60385921393848,4608362759635090.0,-0.5013522091835563
