,attribute,rmse,mape,r2
Random Walk,temp,4.655327963908402,0.09492040167588009,0.5946920302979924
