,attribute,steps,rmse,mape,r2,order
ARIMA,max_temp,1,0.8866982317133565,0.03270440620553633,0.0,"(1, 1, 1)"
