,attribute,rmse,mape,r2
Random Walk,max_temp,4.809864583083377,0.09557677903707046,0.594474670985008
