,attribute,rmse,mape,r2
Random Walk,max_temp,2.460855216727801,0.04484106248954292,-0.04682512530151617
