,attribute,rmse,mape,r2
Random Walk,min_temp,2.188414100804593,0.043861584668195126,-0.07061469566667133
