,attribute,rmse,mape,r2
Random Walk,temp,1.9845429956200449,0.05317854381248986,0.5484722549068533
