,attribute,steps,rmse,mape,r2,order
ARIMA,temp,1,0.5899805205037734,0.02982593663256459,0.0,"(2, 1, 1)"
