,attribute,rmse,mape,r2
Random Walk,min_temp,1.8847065986793883,0.0533414777210723,0.5649505345971269
