,attribute,rmse,mape,r2
Random Walk,prep_tot,148.39357388142923,6570978003466821.0,-0.7241529510927125
