,attribute,steps,rmse,mape,r2,order
ARIMA,temp,1,0.7443378651783159,0.055549911251192845,0.0,"(1, 1, 2)"
