,attribute,rmse,mape,r2
Random Walk,prep_tot,198.6376007915527,4250887245772948.5,-0.43843500172753624
