,attribute,rmse,mape,r2
Random Walk,temp,2.748600136813773,0.05447323649680297,0.5439850969099106
