,rmse,mape,r2
ARIMA,8.690290538455706,25.341638506027625,0.0
Random Walk,356.4755411927716,8333028844439760.0,-0.8518828005925458
Prophet,9.517749260193288,11.481002770783023,0.0
