,attribute,rmse,mape,r2
Random Walk,min_temp,1.7919632940151784,0.03825833338694017,0.5352008511401765
