,rmse,mape,r2
ARIMA,5.149729697896588,0.8168737507016988,0.0
Random Walk,198.6376007915527,4250887245772948.5,-0.43843500172753624
Prophet,6.016067212085861,0.9760276834611239,0.0
