,attribute,rmse,mape,r2
Random Walk,temp,1.8791064429093753,0.03591856160718548,0.5967971927061947
