,rmse,mape,r2
ARIMA,4.466578848197951,0.5476431822177612,0.0
Random Walk,148.39357388142923,6570978003466821.0,-0.7241529510927125
Prophet,5.142089794110949,0.2909557511546588,0.0
