,attribute,rmse,mape,r2
Random Walk,max_temp,2.8070318043225013,0.05528224682534519,0.5704216341417561
