,attribute,rmse,mape,r2
Random Walk,min_temp,4.417564546535879,0.0985581539691122,0.5961795910211887
