,attribute,steps,rmse,mape,r2,order
ARIMA,temp,1,0.9775641712516436,0.08023894026954988,0.0,"(0, 0, 1)"
