,attribute,rmse,mape,r2
Random Walk,min_temp,2.485457441892127,0.05266090902990945,0.5577630154388322
