,attribute,steps,rmse,mape,r2,order
ARIMA,max_temp,1,0.7680243702969262,0.04990328222169053,0.0,"(1, 1, 1)"
