,rmse,mape,r2
ARIMA,6.121537547928688,0.3536551217033405,0.0
Random Walk,251.0960540831797,5912296186371576.0,-0.5762378853038483
Prophet,7.120640284684855,0.5464952201968828,0.0
