,attribute,rmse,mape,r2
Random Walk,max_temp,2.094759283621168,0.05260944314466114,0.54139156627999
