,attribute,rmse,mape,r2
Random Walk,prep_tot,251.0960540831797,5912296186371576.0,-0.5762378853038483
