,attribute,rmse,mape,r2
Random Walk,prep_tot,356.4755411927716,8333028844439760.0,-0.8518828005925458
