,attribute,rmse,mape,r2
Random Walk,max_temp,2.0827221756582563,0.038518704191463894,0.5696694150626275
